[{"id":1,"first_name":"Gayleen","last_name":"Fairebrother","email":"gfairebrother0@hexun.com","gender":"Female","phone_number":"272-939-1115"},
{"id":2,"first_name":"Marvin","last_name":"Hanburry","email":"mhanburry1@eepurl.com","gender":"Male","phone_number":"877-644-4444"},
{"id":3,"first_name":"Krysta","last_name":"Minister","email":"kminister2@globo.com","gender":"Female","phone_number":"443-301-0672"},
{"id":4,"first_name":"Gabriello","last_name":"McEvon","email":"gmcevon3@canalblog.com","gender":"Male","phone_number":"451-829-4238"},
{"id":5,"first_name":"Tybalt","last_name":"Cumberlidge","email":"tcumberlidge4@amazonaws.com","gender":"Male","phone_number":"961-983-4505"},
{"id":6,"first_name":"Gerri","last_name":"Breagan","email":"gbreagan5@netlog.com","gender":"Female","phone_number":"398-666-6955"},
{"id":7,"first_name":"Zora","last_name":"Pauly","email":"zpauly6@mashable.com","gender":"Non-binary","phone_number":"977-227-2263"},
{"id":8,"first_name":"Tamara","last_name":"Pettengell","email":"tpettengell7@ycombinator.com","gender":"Female","phone_number":"477-735-4140"},
{"id":9,"first_name":"Hersch","last_name":"Langrick","email":"hlangrick8@utexas.edu","gender":"Male","phone_number":"903-866-0014"},
{"id":10,"first_name":"Axe","last_name":"Duffree","email":"aduffree9@cocolog-nifty.com","gender":"Male","phone_number":"643-706-9718"},
{"id":11,"first_name":"Guido","last_name":"Foote","email":"gfootea@is.gd","gender":"Male","phone_number":"455-927-8235"},
{"id":12,"first_name":"Hatti","last_name":"Amthor","email":"hamthorb@rambler.ru","gender":"Female","phone_number":"611-559-3511"},
{"id":13,"first_name":"Otis","last_name":"O'Luby","email":"oolubyc@sciencedirect.com","gender":"Male","phone_number":"339-665-0081"},
{"id":14,"first_name":"Charmine","last_name":"Mazzey","email":"cmazzeyd@friendfeed.com","gender":"Female","phone_number":"235-704-3746"},
{"id":15,"first_name":"Persis","last_name":"Groom","email":"pgroome@vkontakte.ru","gender":"Female","phone_number":"107-127-6028"},
{"id":16,"first_name":"Cathleen","last_name":"Abells","email":"cabellsf@howstuffworks.com","gender":"Bigender","phone_number":"253-397-5752"},
{"id":17,"first_name":"Vassili","last_name":"Freeborne","email":"vfreeborneg@dot.gov","gender":"Male","phone_number":"980-551-3375"},
{"id":18,"first_name":"Constantia","last_name":"Corteis","email":"ccorteish@foxnews.com","gender":"Female","phone_number":"315-208-6147"},
{"id":19,"first_name":"Colby","last_name":"Erricker","email":"cerrickeri@mapquest.com","gender":"Male","phone_number":"718-897-7252"},
{"id":20,"first_name":"Ryan","last_name":"Badder","email":"rbadderj@un.org","gender":"Bigender","phone_number":"898-955-9618"},
{"id":21,"first_name":"Shell","last_name":"Twycross","email":"stwycrossk@facebook.com","gender":"Female","phone_number":"445-227-7404"},
{"id":22,"first_name":"Nola","last_name":"Wolsey","email":"nwolseyl@google.ru","gender":"Female","phone_number":"650-559-8799"},
{"id":23,"first_name":"Tuesday","last_name":"Tallman","email":"ttallmanm@4shared.com","gender":"Female","phone_number":"142-258-0717"},
{"id":24,"first_name":"Courtnay","last_name":"Bellefonte","email":"cbellefonten@twitpic.com","gender":"Male","phone_number":"510-348-7270"},
{"id":25,"first_name":"Hurlee","last_name":"Van Halle","email":"hvanhalleo@spotify.com","gender":"Male","phone_number":"537-115-1241"},
{"id":26,"first_name":"Freda","last_name":"Hewson","email":"fhewsonp@naver.com","gender":"Female","phone_number":"293-709-4191"},
{"id":27,"first_name":"Lew","last_name":"Wiggans","email":"lwiggansq@google.com","gender":"Male","phone_number":"506-322-5809"},
{"id":28,"first_name":"Jacquetta","last_name":"Dashper","email":"jdashperr@ft.com","gender":"Female","phone_number":"740-100-3261"},
{"id":29,"first_name":"Virgie","last_name":"Oke","email":"vokes@smh.com.au","gender":"Female","phone_number":"590-425-7016"},
{"id":30,"first_name":"Mariquilla","last_name":"Siney","email":"msineyt@liveinternet.ru","gender":"Female","phone_number":"154-382-4362"},
{"id":31,"first_name":"Adan","last_name":"Skoof","email":"askoofu@shutterfly.com","gender":"Genderqueer","phone_number":"807-230-4296"},
{"id":32,"first_name":"Bondy","last_name":"Gayther","email":"bgaytherv@ihg.com","gender":"Male","phone_number":"747-561-3745"},
{"id":33,"first_name":"Danila","last_name":"Raiman","email":"draimanw@jiathis.com","gender":"Female","phone_number":"243-768-0634"},
{"id":34,"first_name":"L;urette","last_name":"Stump","email":"lstumpx@archive.org","gender":"Female","phone_number":"606-397-3663"},
{"id":35,"first_name":"Cullan","last_name":"Messam","email":"cmessamy@netlog.com","gender":"Male","phone_number":"204-910-2567"},
{"id":36,"first_name":"Raimund","last_name":"Saill","email":"rsaillz@cnet.com","gender":"Bigender","phone_number":"669-688-8482"},
{"id":37,"first_name":"Mack","last_name":"Pearl","email":"mpearl10@moonfruit.com","gender":"Male","phone_number":"321-714-9429"},
{"id":38,"first_name":"Benedikt","last_name":"Ruberti","email":"bruberti11@dailymail.co.uk","gender":"Male","phone_number":"184-451-0265"},
{"id":39,"first_name":"Kimble","last_name":"Habbon","email":"khabbon12@forbes.com","gender":"Male","phone_number":"620-296-1369"},
{"id":40,"first_name":"Kipper","last_name":"Seefeldt","email":"kseefeldt13@un.org","gender":"Male","phone_number":"939-706-3671"},
{"id":41,"first_name":"Rafferty","last_name":"Snarie","email":"rsnarie14@blogger.com","gender":"Male","phone_number":"738-654-2036"},
{"id":42,"first_name":"Dino","last_name":"Heigho","email":"dheigho15@elegantthemes.com","gender":"Male","phone_number":"167-695-7975"},
{"id":43,"first_name":"Genni","last_name":"Chastan","email":"gchastan16@washingtonpost.com","gender":"Female","phone_number":"585-151-6119"},
{"id":44,"first_name":"Corly","last_name":"Mangam","email":"cmangam17@pen.io","gender":"Agender","phone_number":"691-509-9339"},
{"id":45,"first_name":"Celeste","last_name":"Deniskevich","email":"cdeniskevich18@comcast.net","gender":"Female","phone_number":"918-414-2379"},
{"id":46,"first_name":"Malorie","last_name":"Tomasian","email":"mtomasian19@nba.com","gender":"Female","phone_number":"775-727-7110"},
{"id":47,"first_name":"Georgianna","last_name":"Laurence","email":"glaurence1a@dmoz.org","gender":"Female","phone_number":"212-408-8334"},
{"id":48,"first_name":"Sonya","last_name":"Dinesen","email":"sdinesen1b@w3.org","gender":"Female","phone_number":"948-633-3420"},
{"id":49,"first_name":"Thorin","last_name":"MacIlwrick","email":"tmacilwrick1c@webs.com","gender":"Male","phone_number":"860-448-9809"},
{"id":50,"first_name":"Duky","last_name":"Orable","email":"dorable1d@nps.gov","gender":"Male","phone_number":"769-349-0378"},
{"id":51,"first_name":"Oliviero","last_name":"Loisi","email":"oloisi1e@tuttocitta.it","gender":"Male","phone_number":"347-479-0436"},
{"id":52,"first_name":"Wright","last_name":"Hirsch","email":"whirsch1f@furl.net","gender":"Polygender","phone_number":"890-980-3035"},
{"id":53,"first_name":"Hayden","last_name":"Coopper","email":"hcoopper1g@imdb.com","gender":"Male","phone_number":"262-172-4371"},
{"id":54,"first_name":"Hanna","last_name":"Strangwood","email":"hstrangwood1h@latimes.com","gender":"Female","phone_number":"488-795-0853"},
{"id":55,"first_name":"Marve","last_name":"Fleming","email":"mfleming1i@fotki.com","gender":"Male","phone_number":"624-702-9250"},
{"id":56,"first_name":"Casper","last_name":"Adamovich","email":"cadamovich1j@livejournal.com","gender":"Male","phone_number":"497-820-8652"},
{"id":57,"first_name":"Ania","last_name":"Hixley","email":"ahixley1k@exblog.jp","gender":"Female","phone_number":"410-218-5514"},
{"id":58,"first_name":"Adriaens","last_name":"Jemmison","email":"ajemmison1l@oracle.com","gender":"Female","phone_number":"876-208-9212"},
{"id":59,"first_name":"Darrin","last_name":"Espinha","email":"despinha1m@google.nl","gender":"Male","phone_number":"493-451-3264"},
{"id":60,"first_name":"Jen","last_name":"Batchelour","email":"jbatchelour1n@google.com.hk","gender":"Female","phone_number":"673-314-9180"},
{"id":61,"first_name":"Avictor","last_name":"Hallibone","email":"ahallibone1o@dropbox.com","gender":"Male","phone_number":"227-794-1140"},
{"id":62,"first_name":"Britney","last_name":"Yashunin","email":"byashunin1p@bandcamp.com","gender":"Female","phone_number":"265-788-0415"},
{"id":63,"first_name":"Matty","last_name":"Rutherforth","email":"mrutherforth1q@whitehouse.gov","gender":"Bigender","phone_number":"911-746-8607"},
{"id":64,"first_name":"Rand","last_name":"Tonner","email":"rtonner1r@google.co.uk","gender":"Male","phone_number":"744-303-4499"},
{"id":65,"first_name":"Lucita","last_name":"Hebbes","email":"lhebbes1s@nationalgeographic.com","gender":"Female","phone_number":"644-440-2675"},
{"id":66,"first_name":"Berk","last_name":"Croney","email":"bcroney1t@lulu.com","gender":"Male","phone_number":"581-994-0291"},
{"id":67,"first_name":"Erhart","last_name":"Gouny","email":"egouny1u@mashable.com","gender":"Male","phone_number":"405-842-6354"},
{"id":68,"first_name":"Conrad","last_name":"MacDiarmid","email":"cmacdiarmid1v@sciencedirect.com","gender":"Male","phone_number":"350-131-2602"},
{"id":69,"first_name":"Joshua","last_name":"Ladd","email":"jladd1w@freewebs.com","gender":"Male","phone_number":"631-379-6568"},
{"id":70,"first_name":"Janna","last_name":"Rawstorn","email":"jrawstorn1x@nifty.com","gender":"Non-binary","phone_number":"946-846-4444"},
{"id":71,"first_name":"Gregory","last_name":"Dolphin","email":"gdolphin1y@whitehouse.gov","gender":"Male","phone_number":"840-658-1038"},
{"id":72,"first_name":"Conan","last_name":"Harcus","email":"charcus1z@pbs.org","gender":"Male","phone_number":"463-162-5090"},
{"id":73,"first_name":"Rochell","last_name":"Wynes","email":"rwynes20@techcrunch.com","gender":"Female","phone_number":"643-822-1449"},
{"id":74,"first_name":"Fonz","last_name":"Springer","email":"fspringer21@economist.com","gender":"Male","phone_number":"643-545-6674"},
{"id":75,"first_name":"Aldous","last_name":"Ganford","email":"aganford22@vk.com","gender":"Male","phone_number":"430-403-3918"},
{"id":76,"first_name":"Donella","last_name":"Cowdry","email":"dcowdry23@godaddy.com","gender":"Female","phone_number":"178-190-0097"},
{"id":77,"first_name":"Nelle","last_name":"Hanscome","email":"nhanscome24@purevolume.com","gender":"Female","phone_number":"940-338-5180"},
{"id":78,"first_name":"Dore","last_name":"Gow","email":"dgow25@spotify.com","gender":"Female","phone_number":"519-569-8430"},
{"id":79,"first_name":"Kiersten","last_name":"Fetteplace","email":"kfetteplace26@ebay.co.uk","gender":"Female","phone_number":"323-787-4815"},
{"id":80,"first_name":"Emera","last_name":"Burnel","email":"eburnel27@hugedomains.com","gender":"Female","phone_number":"404-851-0929"},
{"id":81,"first_name":"Northrup","last_name":"Biddulph","email":"nbiddulph28@yolasite.com","gender":"Male","phone_number":"106-833-2578"},
{"id":82,"first_name":"Adah","last_name":"Scinelli","email":"ascinelli29@google.ru","gender":"Female","phone_number":"726-161-1460"},
{"id":83,"first_name":"Drugi","last_name":"Gebbe","email":"dgebbe2a@weather.com","gender":"Male","phone_number":"343-849-7976"},
{"id":84,"first_name":"Boothe","last_name":"Hymers","email":"bhymers2b@photobucket.com","gender":"Male","phone_number":"796-137-7958"},
{"id":85,"first_name":"Harmon","last_name":"Josefsohn","email":"hjosefsohn2c@msn.com","gender":"Male","phone_number":"806-655-5659"},
{"id":86,"first_name":"Coleman","last_name":"McAlarney","email":"cmcalarney2d@howstuffworks.com","gender":"Male","phone_number":"919-658-5774"},
{"id":87,"first_name":"Peggie","last_name":"Josefs","email":"pjosefs2e@yolasite.com","gender":"Female","phone_number":"707-287-8913"},
{"id":88,"first_name":"Rhoda","last_name":"Alywen","email":"ralywen2f@pagesperso-orange.fr","gender":"Female","phone_number":"113-758-9247"},
{"id":89,"first_name":"Reggie","last_name":"Duchasteau","email":"rduchasteau2g@pbs.org","gender":"Male","phone_number":"640-940-4127"},
{"id":90,"first_name":"Simmonds","last_name":"Maltster","email":"smaltster2h@yale.edu","gender":"Male","phone_number":"829-555-0050"},
{"id":91,"first_name":"Krispin","last_name":"Rapps","email":"krapps2i@si.edu","gender":"Male","phone_number":"184-501-3820"},
{"id":92,"first_name":"Tallie","last_name":"Dobbin","email":"tdobbin2j@cbsnews.com","gender":"Male","phone_number":"860-841-0076"},
{"id":93,"first_name":"Emmit","last_name":"Wardel","email":"ewardel2k@sphinn.com","gender":"Polygender","phone_number":"122-240-6197"},
{"id":94,"first_name":"Ivy","last_name":"Gasker","email":"igasker2l@bizjournals.com","gender":"Female","phone_number":"498-728-3029"},
{"id":95,"first_name":"Obadias","last_name":"Moakes","email":"omoakes2m@cnet.com","gender":"Male","phone_number":"864-958-9292"},
{"id":96,"first_name":"Nert","last_name":"Spillett","email":"nspillett2n@cisco.com","gender":"Female","phone_number":"301-131-4606"},
{"id":97,"first_name":"Sanders","last_name":"Feronet","email":"sferonet2o@archive.org","gender":"Male","phone_number":"241-225-4741"},
{"id":98,"first_name":"Lianne","last_name":"Rieger","email":"lrieger2p@ft.com","gender":"Female","phone_number":"146-748-2382"},
{"id":99,"first_name":"Tulley","last_name":"Ivankin","email":"tivankin2q@arstechnica.com","gender":"Male","phone_number":"159-347-5151"},
{"id":100,"first_name":"Katuscha","last_name":"Leadstone","email":"kleadstone2r@amazon.co.jp","gender":"Female","phone_number":"427-435-5748"}]